Ativo,Modelo,MAE,RMSE,MAPE,R2,DM_Stat_vs_Base,DM_PValue
ITUB4,SARIMAX,0.009444225284275253,0.011963808396770236,368836.3679158488,-0.07980933910770882,,
ITUB4,LSTM,0.009024354435647973,0.011513201054792843,29310.47428791916,-8.260179984453941e-07,1.8201301627268271,0.06873918520726452
ITUB4,Hibrido,0.009700350801524147,0.012286930367365983,477553.2210201808,-0.13892460443783117,-4.577506903195378,4.7055026668463285e-06
PETR4,SARIMAX,0.011391224878515707,0.015031276742024405,211.30816854589963,-0.10499932696168424,,
PETR4,LSTM,0.010663308479539908,0.014629887023990913,132.89097265723797,-0.046772288415648955,0.7196898397156817,0.4717159833488547
PETR4,Hibrido,0.011425462595961227,0.015068236795607858,214.3925177002989,-0.1104401216886346,-4.320856295926984,1.55424873489185e-05
VALE3,SARIMAX,0.01082953961524862,0.014960177478194154,143719.6339150899,-0.01081890540083319,,
VALE3,LSTM,0.010790156605346558,0.014956294635524114,127758.84800134231,-0.010294267047424643,0.10090954850099655,0.9196222631944828
VALE3,Hibrido,0.011353477354976214,0.015335412253617285,514332.02762286,-0.062162037170501616,-2.289051667874146,0.022076350546610835
