Ativo,Modelo,MAE,RMSE,MAPE,R2,DM_Stat_vs_Base,DM_PValue
ITUB4,SARIMAX,0.098235397611952,0.11139721798107874,21.300059031407947,-0.07722223260164274,,
ITUB4,LSTM,0.1100604938820618,0.12957709410834184,24.561613046446016,-0.45751519375950256,-0.9137832892779786,0.3608307288665418
ITUB4,Hibrido,0.22500410301789686,0.2466331643301036,48.78529027564463,-4.280311800794931,-1.9089438239175502,0.05626933884946994
PETR4,SARIMAX,0.04828007518926499,0.053212276378171865,7.650447688391239,-0.4543334650541513,,
PETR4,LSTM,0.037154671232365565,0.044571124824236204,6.158681825524493,-0.020346102986519066,0.43755684734891875,0.6617075585920946
PETR4,Hibrido,0.10156553989944646,0.11083676934762483,16.049498252222495,-5.309690232170602,-2.0857226032679566,0.03700375774532283
VALE3,SARIMAX,0.035264030097602816,0.03548680596530389,8.9745573410085,0.09680840260884838,,
VALE3,LSTM,0.1601202988475506,0.16436761429945518,41.53762728518607,-18.3766443548741,-3.304732885222309,0.0009506695758882966
VALE3,Hibrido,0.060588696229475124,0.0710055434254151,16.227532079259376,-2.6160179355663677,-1.5163527166744422,0.12943018831524578
