Ativo,Modelo,MAE,RMSE,sMAPE,Theil_U,R2,Hit_Rate,DM_Stat_vs_Base,DM_PValue,MAE_BRL,RMSE_BRL,MAPE_BRL
ITUB4,SARIMAX,0.2873318545427669,0.38002016781338116,108.19224292740508,0.7311253448868996,0.465454757226028,72.72727272727273,,,0.16324202428717255,0.21684313952609868,0.635634659961188
ITUB4,LSTM,0.4249844481201083,0.5352497218542146,148.23677841296455,1.029773340038771,-0.06043506177825897,50.26737967914438,-5.137153712797767,2.7893080068599146e-07,0.24094559624739406,0.30483699208735976,0.9388500364218533
ITUB4,Hibrido,0.31609750613961085,0.41741787773382494,109.47980866701155,0.8030752461800117,0.3550689752399012,72.19251336898395,-3.6339747772220683,0.0002790881577234467,0.179292509399883,0.2377814800317852,0.6975841177627733
PETR4,SARIMAX,0.3546254429199163,0.46761160060930784,127.97542811669751,1.0123799646830185,-0.025130523238928282,64.1711229946524,,,0.3320516865403478,0.437821642749408,1.0971912263060295
PETR4,LSTM,0.37026353789883704,0.48904985016973285,150.871694961094,1.0587938139215072,-0.12128205512158141,49.19786096256685,-0.8250376140955573,0.40935023625850386,0.3480118536390309,0.4609233970660463,1.1507029688325707
PETR4,Hibrido,0.37027498074120846,0.48905536631111485,125.57341576450926,1.0588057563776188,-0.12130734982405422,62.56684491978609,-1.7626784044449895,0.07795474505452256,0.3457624705367425,0.45588277651884734,1.1444994986722148
VALE3,SARIMAX,0.3800123806710791,0.5237882553944202,124.07884818961597,0.883611335696657,0.21485256454264323,63.101604278074866,,,0.4988688340065948,0.6902536715432683,0.9562845593753752
VALE3,LSTM,0.424048661165739,0.5980323764109758,148.96000965594376,1.008858410756908,-0.023502946053326923,52.94117647058824,-2.9168157473642204,0.0035362460079231732,0.5559738991854548,0.7873985162335442,1.0644426635047317
VALE3,Hibrido,0.37799293182871796,0.5352735074987036,115.95405956354973,0.9029865294856753,0.18004276480927617,66.84491978609626,-1.2924844359446113,0.1961894324788841,0.4961631757152495,0.7053188188162334,0.9484985295700509
