Ativo,Modelo,MAE,RMSE,sMAPE,Theil_U,R2,Hit_Rate,DM_Stat_vs_Base,DM_PValue,MAE_BRL,RMSE_BRL,MAPE_BRL
ITUB4,SARIMAX,0.30621542305879706,0.4095425598330847,93.86723229756879,0.5811674244946731,0.6609014578545411,81.78438661710037,,,0.2395008548652636,0.32491674846511637,0.6316538914356616
ITUB4,LSTM,0.5384776658683025,0.7026444152612347,169.86368222629417,0.9970979458627406,0.0018425808128439414,55.01858736059479,-7.863710985025655,3.729174043899381e-15,0.42670667011824925,0.5722705982452496,1.1107779282291657
ITUB4,Hibrido,0.30552754685496963,0.4123507640126829,93.08420213703772,0.5851524481541858,0.6562351651683616,81.04089219330855,-0.9852279533362958,0.3245121128501106,0.23938826393334,0.32767839995715475,0.6304895089340786
PETR4,SARIMAX,0.44078653685931213,0.59411304714036,131.81671033915106,1.1083576486571358,-0.2318308400383311,60.223048327137555,,,0.4637093097951687,0.6826319480033205,1.2849975620469654
PETR4,LSTM,0.4207736221214347,0.5612038342718347,143.09258787760592,1.046963309701475,-0.0991428830717278,55.39033457249071,1.1459282443007954,0.2518248435073882,0.43332707364911927,0.6074713805704245,1.2284566865964246
PETR4,Hibrido,0.4437383531859189,0.5973031031619085,131.56537212191702,1.114308911650175,-0.2450948453119819,60.594795539033456,-2.1592819684473055,0.0308282981785062,0.46659606769710094,0.6847772082462179,1.2938879378486554
VALE3,SARIMAX,0.4258365604076532,0.5714455381678323,128.76746756506336,0.8844890334712464,0.21143559348244123,59.85130111524164,,,0.6772599589509847,0.9542087630075341,1.009313759704832
VALE3,LSTM,0.4894239372099295,0.6655632378076725,165.46786033695207,1.030165336157733,-0.06971018244942151,46.09665427509294,-3.1713560143571033,0.001517290653305323,0.7957732434124926,1.1508240140711075,1.1589261800366017
VALE3,Hibrido,0.4281551821965087,0.5746995686752425,127.82717360517009,0.8895256539471244,0.20242924591285516,60.966542750929364,-1.65502787457142,0.0979188437682263,0.6807362038670974,0.9590278245789133,1.0144556842897456
